[
    [
        {
            "id": 1,
            "width_img": "/images/others/demo-slide-1.png",
            "height_img": "/images/others/demo-1.png",
            "title": "Digital Agency"
        },
        {
            "id": 2,
            "width_img": "/images/others/demo-slide-2.png",
            "height_img": "/images/others/demo-2.png",
            "title": "Creative Agency"
        },
        {
            "id": 3,
            "width_img": "/images/others/demo-slide-3.png",
            "height_img": "/images/others/demo-3.png",
            "title": "Personal Portfolio"
        },
        {
            "id": 4,
            "width_img": "/images/others/demo-slide-4.png",
            "height_img": "/images/others/demo-4.png",
            "title": "Home Startup"
        },
        {
            "id": 5,
            "width_img": "/images/others/demo-slide-5.png",
            "height_img": "/images/others/demo-5.png",
            "title": "Corporate Agency"
        },
        {
            "id": 6,
            "width_img": "",
            "height_img": "/images/others/demo-coming.png",
            "title": ""
        }
    ],
    [
        {
            "id": 1,
            "icon": "/images/icon/react.png",
            "title": "Powered by <br> React",
            "para": "Our Template is Perfect for all devices. It is made by React Structure. React JS was designed to provide high performance in mind."
        },
        {
            "id": 2,
            "icon": "/images/icon/code-2.png",
            "title": "Reusable <br> Components",
            "para": "All the Components of this template are reusable. We made abstrak using functional components. You can reuse any components"
        },
        {
            "id": 3,
            "icon": "/images/icon/sass.png",
            "title": "Sass <br> Available",
            "para": "Sass is more stable, powerful, and elegant because it is an extension of CSS. So, it is easy for designers and developers to work more efficiently and quickly."
        },
       
        {
            "id": 4,
            "icon": "/images/icon/loading.png",
            "title": "Fast Loading <br> Speed",
            "para": "The website speed is very important. Hence we’ve created Abstrak in a way that your website will load fast, and you will get better performance."
        },
        {
            "id": 5,
            "icon": "/images/icon/responsive.png",
            "title": "Fully <br> Responsive <br>Layout",
            "para": "All the pages of this template are responsive. We used the Bootstrap framework to build the website. It’s the best in class."
        },
        {
            "id": 6,
            "icon": "/images/icon/icon-13.png",
            "title": "Modern <br> Design",
            "para": "Abstrak is a modern creative design for Creative, Digital, Corporate agencies, etc. Abstrak is a perfect solution for your digital agency"
        },
        {
            "id": 7,
            "icon": "/images/icon/code.png",
            "title": "Well Organized  <br> Codes",
            "para": "The coding structure of our items is organized so other developers can easily recognize the pattern and make updates as needed."
        },
        {
            "id": 8,
            "icon": "/images/icon/icon-20.png",
            "title": "Lifetime <br> Update",
            "para": "Purchase our template only once and get lifetime updates. We keep updating our products to stay up to date with the latest trends and technology."
        },
        {
            "id": 9,
            "icon": "/images/icon/icon-21.png",
            "title": "Mobile <br> Optimized",
            "para": "All the pages of this template are optimized. We used the Bootstrap framework to build the website. It’s the best in class."
        },
        {
            "id": 10,
            "icon": "/images/icon/icon-22.png",
            "title": "A Complete Product  for Your Business",
            "para": "We build a template that is rich in content and has a good user interface to deliver a premium user experience for your customers."
        },
        {
            "id": 11,
            "icon": "/images/icon/hart-rate.png",
            "title": "Fast Loading <br> Speed",
            "para": "The website speed is very important. Hence we’ve created Abstrak in a way that your website will load fast, and you will get better performance."
        },
        {
            "id": 12,
            "icon": "/images/icon/icon-24.png",
            "title": "Well Organized <br> Codes",
            "para": "The coding structure of our items is organized so other developers can easily recognize the pattern and make updates as needed."
        }
    ]
]