[
    {
        "id": 1,
        "image": "/images/project/project-1.png",
        "title": "Creative Agency",
        "category": ["Branding", "Website", "App"],
        "excerpt": "A quick view of industry specific problems solved with design by the awesome team at Keystroke.",
        "body": ["From the designers and engineers who are creating the next generation of web and mobile experiences, to anyone putting a website together for the first time. We provide elegant solutions that set new standards for online publishing.", "Digital technology has made our world more transparent and interconnected, posing new challenges and opportunities for every business. A holistic, user-centric perspective is what truly sets one apart."]
    },
    {
        "id": 2,
        "image": "/images/project/project-2.png",
        "title": "Digital Marketing",
        "category": ["Logo", "Website", "Mobile"],
        "excerpt": "A quick view of industry specific problems solved with design by the awesome team at Keystroke.",
        "body": ["From the designers and engineers who are creating the next generation of web and mobile experiences, to anyone putting a website together for the first time. We provide elegant solutions that set new standards for online publishing.", "Digital technology has made our world more transparent and interconnected, posing new challenges and opportunities for every business. A holistic, user-centric perspective is what truly sets one apart."]
    },
    {
        "id": 3,
        "image": "/images/project/project-3.png",
        "title": "Digital Agency",
        "category": ["Website", "UI/UX"],
        "excerpt": "A quick view of industry specific problems solved with design by the awesome team at Keystroke.",
        "body": ["From the designers and engineers who are creating the next generation of web and mobile experiences, to anyone putting a website together for the first time. We provide elegant solutions that set new standards for online publishing.", "Digital technology has made our world more transparent and interconnected, posing new challenges and opportunities for every business. A holistic, user-centric perspective is what truly sets one apart."]
    },
    {
        "id": 4,
        "image": "/images/project/project-4.png",
        "title": "Plan Management",
        "category": ["Branding", "Website", "Mobile"],
        "excerpt": "A quick view of industry specific problems solved with design by the awesome team at Keystroke.",
        "body": ["From the designers and engineers who are creating the next generation of web and mobile experiences, to anyone putting a website together for the first time. We provide elegant solutions that set new standards for online publishing.", "Digital technology has made our world more transparent and interconnected, posing new challenges and opportunities for every business. A holistic, user-centric perspective is what truly sets one apart."]
    },
    {
        "id": 5,
        "image": "/images/project/project-5.png",
        "title": "Social Engagement",
        "category": ["Design", "Development"],
        "excerpt": "A quick view of industry specific problems solved with design by the awesome team at Keystroke.",
        "body": ["From the designers and engineers who are creating the next generation of web and mobile experiences, to anyone putting a website together for the first time. We provide elegant solutions that set new standards for online publishing.", "Digital technology has made our world more transparent and interconnected, posing new challenges and opportunities for every business. A holistic, user-centric perspective is what truly sets one apart."]
    },
    {
        "id": 6,
        "image": "/images/project/project-6.png",
        "title": "Web Application",
        "category": ["Logo", "Webapp", "Mobile"],
        "excerpt": "A quick view of industry specific problems solved with design by the awesome team at Keystroke.",
        "body": ["From the designers and engineers who are creating the next generation of web and mobile experiences, to anyone putting a website together for the first time. We provide elegant solutions that set new standards for online publishing.", "Digital technology has made our world more transparent and interconnected, posing new challenges and opportunities for every business. A holistic, user-centric perspective is what truly sets one apart."]
    },
    {
        "id": 7,
        "image": "/images/project/project-5.png",
        "title": "Creative Agency",
        "category": ["Branding", "Website", "App"],
        "excerpt": "A quick view of industry specific problems solved with design by the awesome team at Keystroke.",
        "body": ["From the designers and engineers who are creating the next generation of web and mobile experiences, to anyone putting a website together for the first time. We provide elegant solutions that set new standards for online publishing.", "Digital technology has made our world more transparent and interconnected, posing new challenges and opportunities for every business. A holistic, user-centric perspective is what truly sets one apart."]
    },
    {
        "id": 8,
        "image": "/images/project/project-6.png",
        "title": "Digital Marketing",
        "category": ["Logo", "Website", "Mobile"],
        "excerpt": "A quick view of industry specific problems solved with design by the awesome team at Keystroke.",
        "body": ["From the designers and engineers who are creating the next generation of web and mobile experiences, to anyone putting a website together for the first time. We provide elegant solutions that set new standards for online publishing.", "Digital technology has made our world more transparent and interconnected, posing new challenges and opportunities for every business. A holistic, user-centric perspective is what truly sets one apart."]
    },
    {
        "id": 9,
        "image": "/images/project/project-4.png",
        "title": "Digital Agency",
        "category": ["Website", "UI/UX"],
        "excerpt": "A quick view of industry specific problems solved with design by the awesome team at Keystroke.",
        "body": ["From the designers and engineers who are creating the next generation of web and mobile experiences, to anyone putting a website together for the first time. We provide elegant solutions that set new standards for online publishing.", "Digital technology has made our world more transparent and interconnected, posing new challenges and opportunities for every business. A holistic, user-centric perspective is what truly sets one apart."]
    },
    {
        "id": 10,
        "image": "/images/project/project-3.png",
        "title": "Plan Management",
        "category": ["Branding", "Website", "Mobile"],
        "excerpt": "A quick view of industry specific problems solved with design by the awesome team at Keystroke.",
        "body": ["From the designers and engineers who are creating the next generation of web and mobile experiences, to anyone putting a website together for the first time. We provide elegant solutions that set new standards for online publishing.", "Digital technology has made our world more transparent and interconnected, posing new challenges and opportunities for every business. A holistic, user-centric perspective is what truly sets one apart."]
    },
    {
        "id": 11,
        "image": "/images/project/project-2.png",
        "title": "Social Engagement",
        "category": ["Design", "Development"],
        "excerpt": "A quick view of industry specific problems solved with design by the awesome team at Keystroke.",
        "body": ["From the designers and engineers who are creating the next generation of web and mobile experiences, to anyone putting a website together for the first time. We provide elegant solutions that set new standards for online publishing.", "Digital technology has made our world more transparent and interconnected, posing new challenges and opportunities for every business. A holistic, user-centric perspective is what truly sets one apart."]
    },
    {
        "id": 12,
        "image": "/images/project/project-1.png",
        "title": "Web Application",
        "category": ["Logo", "Webapp", "Mobile"],
        "excerpt": "A quick view of industry specific problems solved with design by the awesome team at Keystroke.",
        "body": ["From the designers and engineers who are creating the next generation of web and mobile experiences, to anyone putting a website together for the first time. We provide elegant solutions that set new standards for online publishing.", "Digital technology has made our world more transparent and interconnected, posing new challenges and opportunities for every business. A holistic, user-centric perspective is what truly sets one apart."]
    },
    {
        "id": 13,
        "image": "/images/project/project-7.png",
        "title": "Mark Design",
        "category": ["ios", "Design"],
        "excerpt": "A quick view of industry specific problems solved with design by the awesome team at Keystroke.",
        "body": ["From the designers and engineers who are creating the next generation of web and mobile experiences, to anyone putting a website together for the first time. We provide elegant solutions that set new standards for online publishing.", "Digital technology has made our world more transparent and interconnected, posing new challenges and opportunities for every business. A holistic, user-centric perspective is what truly sets one apart."]
    },
    {
        "id": 14,
        "image": "/images/project/project-8.png",
        "title": "Abastrak Agency",
        "category": ["ios", "Design"],
        "excerpt": "A quick view of industry specific problems solved with design by the awesome team at Keystroke.",
        "body": ["From the designers and engineers who are creating the next generation of web and mobile experiences, to anyone putting a website together for the first time. We provide elegant solutions that set new standards for online publishing.", "Digital technology has made our world more transparent and interconnected, posing new challenges and opportunities for every business. A holistic, user-centric perspective is what truly sets one apart."]
    },
    {
        "id": 15,
        "image": "/images/project/project-9.png",
        "title": "Archi- Online platform",
        "category": ["ios", "design"],
        "excerpt": "A quick view of industry specific problems solved with design by the awesome team at Keystroke.",
        "body": ["From the designers and engineers who are creating the next generation of web and mobile experiences, to anyone putting a website together for the first time. We provide elegant solutions that set new standards for online publishing.", "Digital technology has made our world more transparent and interconnected, posing new challenges and opportunities for every business. A holistic, user-centric perspective is what truly sets one apart."]
    },
    {
        "id": 16,
        "image": "/images/project/project-12.png",
        "title": "Wordpress theme",
        "category": ["ios", "design"],
        "excerpt": "A quick view of industry specific problems solved with design by the awesome team at Keystroke.",
        "body": ["From the designers and engineers who are creating the next generation of web and mobile experiences, to anyone putting a website together for the first time. We provide elegant solutions that set new standards for online publishing.", "Digital technology has made our world more transparent and interconnected, posing new challenges and opportunities for every business. A holistic, user-centric perspective is what truly sets one apart."]
    },
    {
        "id": 17,
        "image": "/images/project/project-10.png",
        "title": "Product photography",
        "category": ["2021"],
        "excerpt": "A quick view of industry specific problems solved with design by the awesome team at Keystroke.",
        "body": ["From the designers and engineers who are creating the next generation of web and mobile experiences, to anyone putting a website together for the first time. We provide elegant solutions that set new standards for online publishing.", "Digital technology has made our world more transparent and interconnected, posing new challenges and opportunities for every business. A holistic, user-centric perspective is what truly sets one apart."]
    },
    {
        "id": 18,
        "image": "/images/project/project-11.png",
        "title": "Illustration",
        "category": ["2020"],
        "excerpt": "A quick view of industry specific problems solved with design by the awesome team at Keystroke.",
        "body": ["From the designers and engineers who are creating the next generation of web and mobile experiences, to anyone putting a website together for the first time. We provide elegant solutions that set new standards for online publishing.", "Digital technology has made our world more transparent and interconnected, posing new challenges and opportunities for every business. A holistic, user-centric perspective is what truly sets one apart."]
    }
]