[
    {
        "id": 1,
        "title": "Nunc rhoncus magna ut venenatis feugiat.",
        "body": "Vivamus magna est, placerat et dignissim et, elementum quis lacus. Nulla laoreet pharetra vehicula. Vestibulum euismod augue ac velit consectetur, ac tincidunt ante hendrerit. Sed lacinia elementum felis, ut tempus ipsum blandit non."
    },
    {
        "id": 2,
        "title": "Nam interdum ante sapien, quis ullamcorper.",
        "body": "Vivamus magna est, placerat et dignissim et, elementum quis lacus. Nulla laoreet pharetra vehicula. Vestibulum euismod augue ac velit consectetur, ac tincidunt ante hendrerit. Sed lacinia elementum felis, ut tempus ipsum blandit non."
    },
    {
        "id": 3,
        "title": "Nam interdum ante sapien, quis ullamcorper.",
        "body": "Vivamus magna est, placerat et dignissim et, elementum quis lacus. Nulla laoreet pharetra vehicula. Vestibulum euismod augue ac velit consectetur, ac tincidunt ante hendrerit. Sed lacinia elementum felis, ut tempus ipsum blandit non."
    },
    {
        "id": 4,
        "title": "Nam interdum ante sapien, quis ullamcorper.",
        "body": "Vivamus magna est, placerat et dignissim et, elementum quis lacus. Nulla laoreet pharetra vehicula. Vestibulum euismod augue ac velit consectetur, ac tincidunt ante hendrerit. Sed lacinia elementum felis, ut tempus ipsum blandit non."
    },
    {
        "id": 5,
        "title": "Nam interdum ante sapien, quis ullamcorper.",
        "body": "Vivamus magna est, placerat et dignissim et, elementum quis lacus. Nulla laoreet pharetra vehicula. Vestibulum euismod augue ac velit consectetur, ac tincidunt ante hendrerit. Sed lacinia elementum felis, ut tempus ipsum blandit non."
    },
    {
        "id": 6,
        "title": "Nam interdum ante sapien, quis ullamcorper.",
        "body": "Vivamus magna est, placerat et dignissim et, elementum quis lacus. Nulla laoreet pharetra vehicula. Vestibulum euismod augue ac velit consectetur, ac tincidunt ante hendrerit. Sed lacinia elementum felis, ut tempus ipsum blandit non."
    }

]