[
    {
        "id": 1,
        "thumb": "/images/others/case-study-1.png",
        "title": "Los Marineros",
        "subtitle": "Featured Case Study",
        "count_roi": "15",
        "count_visit": "60",
        "excerpt": "Donec metus lorem, vulputate at sapien sit amet, auctor iaculis lorem. In vel hendrerit nisi. Vestibulum eget risus velit. Aliquam tristique libero at dui sodales, et placerat orci lobortis. Maecenas ipsum neque, elementum id dignissim et, imperdiet vitae mauris.",
        "details": "<p>From the designers and engineers who are creating the next generation of web and mobile experiences, to anyone putting a website together for the first time. We provide elegant solutions that set new standards for online publishing.</p> <p>Digital technology has made our world more transparent and interconnected, posing new challenges and opportunities for every business. A holistic, user-centric perspective is what truly sets one apart.<p/>",
        "solution": "<p>From the designers and engineers who are creating the next generation of web and mobile experiences, to anyone putting a website together for the first time. We provide elegant solutions that set new standards for online publishing.</p> <p>Digital technology has made our world more transparent and interconnected, posing new challenges and opportunities for every business. A holistic, user-centric perspective is what truly sets one apart. together for the first time. We provide elegant solutions.</p>"
    },
    {
        "id": 2,
        "thumb": "/images/others/case-study-2.png",
        "title": "Whitehorse",
        "subtitle": "Featured Case Study",
        "count_roi": "15",
        "count_visit": "60",
        "excerpt": "Donec metus lorem, vulputate at sapien sit amet, auctor iaculis lorem. In vel hendrerit nisi. Vestibulum eget risus velit. Aliquam tristique libero at dui sodales, et placerat orci lobortis. Maecenas ipsum neque, elementum id dignissim et, imperdiet vitae mauris.",
        "details": "<p>From the designers and engineers who are creating the next generation of web and mobile experiences, to anyone putting a website together for the first time. We provide elegant solutions that set new standards for online publishing.</p> <p>Digital technology has made our world more transparent and interconnected, posing new challenges and opportunities for every business. A holistic, user-centric perspective is what truly sets one apart.<p/>",
        "solution": "<p>From the designers and engineers who are creating the next generation of web and mobile experiences, to anyone putting a website together for the first time. We provide elegant solutions that set new standards for online publishing.</p> <p>Digital technology has made our world more transparent and interconnected, posing new challenges and opportunities for every business. A holistic, user-centric perspective is what truly sets one apart. together for the first time. We provide elegant solutions.</p>"
    },
    {
        "id": 3,
        "thumb": "/images/others/case-study-3.png",
        "title": "Periscope Data",
        "subtitle": "Featured Case Study",
        "count_roi": "15",
        "count_visit": "60",
        "excerpt": "Donec metus lorem, vulputate at sapien sit amet, auctor iaculis lorem. In vel hendrerit nisi. Vestibulum eget risus velit. Aliquam tristique libero at dui sodales, et placerat orci lobortis. Maecenas ipsum neque, elementum id dignissim et, imperdiet vitae mauris.",
        "details": "<p>From the designers and engineers who are creating the next generation of web and mobile experiences, to anyone putting a website together for the first time. We provide elegant solutions that set new standards for online publishing.</p> <p>Digital technology has made our world more transparent and interconnected, posing new challenges and opportunities for every business. A holistic, user-centric perspective is what truly sets one apart.<p/>",
        "solution": "<p>From the designers and engineers who are creating the next generation of web and mobile experiences, to anyone putting a website together for the first time. We provide elegant solutions that set new standards for online publishing.</p> <p>Digital technology has made our world more transparent and interconnected, posing new challenges and opportunities for every business. A holistic, user-centric perspective is what truly sets one apart. together for the first time. We provide elegant solutions.</p>"
    }
]