[

    {
        "thumb": "/images/others/location-1.png",
        "title": "Virginia-HQ",
        "address": "435 Pouros Locks United States"
    },
    {
        "thumb": "/images/others/location-2.png",
        "title": "Nevada",
        "address": "46 Watsica Creek Suite 071 United States"
    },
    {
        "thumb": "/images/others/location-3.png",
        "title": "Columbia",
        "address": "7140 Wehner Tunnel Washington, D.C"
    },
    {
        "thumb": "/images/others/location-4.png",
        "title": "New Mexico",
        "address": "10 Maggie Valleys United States"
    }
]